Mobile Name,Price,Discount,Reviews
HMD Aura 2,"Rs 22,499",10% OFF,51Reviews
Samsung Galaxy A05s,"Rs 33,300",26% OFF,4.9191Reviews
Nokia 150 (2023),"Rs 6,799",24% OFF,4.952Reviews
Xiaomi Redmi 13,"Rs 32,499",7% OFF,4.8267Reviews
Tecno SPARK 30 Pro,"Rs 36,299",9% OFF,4.8124Reviews
Realme Note 70,"Rs 27,500",11% OFF,4.8135Reviews
Xiaomi Poco C75,"Rs 29,799",19% OFF,41Reviews
Hmd 150 Music,"Rs 5,999",5% OFF,4.9147Reviews
Xiaomi Redmi Note 14,"Rs 49,199",9% OFF,4.9428Reviews
Samsung Galaxy A06,"Rs 20,999",22% OFF,4.747Reviews
Samsung Galaxy A35 5G,"Rs 84,500",30% OFF,4.822Reviews
Realme C71,"Rs 32,199",11% OFF,4.925Reviews
Nokia 5310 (2020),"Rs 9,599",8% OFF,4.8213Reviews
Itel S24,"Rs 23,299",31% OFF,4.8160Reviews
Samsung Galaxy A16,"Rs 44,500",19% OFF,4.825Reviews
Tecno SPARK 30C,"Rs 27,099",10% OFF,514Reviews
Samsung Galaxy A26 5G,"Rs 71,200",16% OFF,4.929Reviews
Oppo A3x,"Rs 25,799",8% OFF,4.663Reviews
ZTE Nubia V60 Design,"Rs 23,299",17% OFF,511Reviews
Infinix Hot 60 Pro,"Rs 43,700",5% OFF,52Reviews
Vivo V50 Lite 5G,"Rs 81,499",9% OFF,4.619Reviews
Realme C75,"Rs 38,999",17% OFF,4.52Reviews
Infinix Smart 10,"Rs 22,999",4% OFF,4.511Reviews
Itel P70,"Rs 21,999",12% OFF,4.854Reviews
Infinix Hot 50 Pro Plus,"Rs 49,400",10% OFF,4.872Reviews
Realme Note 60,"Rs 21,999",12% OFF,4.813Reviews
Infinix Note 50 Pro,"Rs 74,199",7% OFF,4.823Reviews
Tecno Camon 40 Pro,"Rs 61,499",7% OFF,52Reviews
Nothing CMF Phone 1,"Rs 68,400",19% OFF,4.69Reviews
Tecno Spark 30,"Rs 31,799",21% OFF,4.8105Reviews
Nokia 105 Classic,"Rs 3,499",17% OFF,51Reviews
Infinix Smart 10 Plus,"Rs 26,799",4% OFF,51Reviews
HMD Barbie,"Rs 15,499",3% OFF,4.722Reviews
GFive 4G Smart,"Rs 6,349",21% OFF,4.838Reviews
Sparx Note 20,"Rs 33,699",22% OFF,3.4128Reviews
Oppo A5,"Rs 37,499",9% OFF,No Reviews
Nokia 130  Music,"Rs 6,549",5% OFF,4.854Reviews
Infinix Hot 50i,"Rs 29,299",7% OFF,49Reviews
Nokia 230 Dual SIM,"Rs 12,399",8% OFF,4.945Reviews
Xiaomi Redmi A5,"Rs 21,199",4% OFF,52Reviews
Infinix Hot 60 Pro Plus,"Rs 57,599",2% OFF,56Reviews
Gfive Note 25 ultra,"Rs 20,499",7% OFF,53Reviews
Tecno Spark Go 2,"Rs 22,399",5% OFF,4.855Reviews
Sego Zero 50 (Mediatek Helio G100),"Rs 37,999",18% OFF,3.4128Reviews
ZTE Blade A55,"Rs 17,299",9% OFF,4.722Reviews
Oppo A5,"Rs 37,499",13% OFF,4.84Reviews
Calme 4g Premium,"Rs 8,699",9% OFF,4.817Reviews
Vivo Y04,"Rs 26,299",9% OFF,520Reviews
Oppo A5 Pro,"Rs 50,250",8% OFF,4.925Reviews
Infinix Note 50,"Rs 59,599",10% OFF,4.85Reviews
Nokia 110 (2019),"Rs 6,299",14% OFF,4.829Reviews
Calme 4g Platinum,"Rs 4,799",12% OFF,4.737Reviews
Vivo Y200 4G,"Rs 52,999",22% OFF,52Reviews
Infinix Zero 40 4G,"Rs 50,999",9% OFF,51Reviews
Vivo V50 Lite,"Rs 67,299",4% OFF,4.88Reviews
SEGO Smart 9,"Rs 17,299",16% OFF,4.914Reviews
Oppo Reno 13,"Rs 125,499",15% OFF,511Reviews
Sparx Note 12,"Rs 23,499",8% OFF,53Reviews
Nokia 3210,"Rs 11,449",9% OFF,4.963Reviews
Oppo A3,"Rs 36,249",9% OFF,4.619Reviews
Qmobile E 2000 Music,"Rs 3,399",17% OFF,4.919Reviews
Tecno Spark Go 1,"Rs 23,999",16% OFF,4.85Reviews
Realme C75,"Rs 38,999",11% OFF,4.725Reviews
Nokia 108 (2024),"Rs 4,199",18% OFF,522Reviews
Itel City 100,"Rs 24,099",8% OFF,4.960Reviews
Tecno spark 40,"Rs 32,999",13% OFF,4.85Reviews
SEGO S25 NEO,"Rs 17,999",14% OFF,4.816Reviews
Nokia 6310 (2021),"Rs 10,499",11% OFF,No Reviews
Samsung Galaxy A56 5G,"Rs 119,999",22% OFF,No Reviews
Nokia 105 Plus,"Rs 5,599",No Discount,No Reviews
Calme 4G Music,"Rs 4,799",No Discount,No Reviews
itel P55 Plus,"Rs 25,599",No Discount,No Reviews
Samsung Galaxy A56 5G,"Rs 119,999",13% OFF,522Reviews
Honor X5b Plus,"Rs 24,999",4% OFF,51Reviews
Itel Signal 10,"Rs 2,799",5% OFF,53Reviews
Nothing Phone 3A Pro,"Rs 179,900",6% OFF,53Reviews
Qmobile Spark 4000,"Rs 3,899",28% OFF,51Reviews
ZTE Nubia Focus 5g,"Rs 32,499",9% OFF,53Reviews
QMobile Q Pova,"Rs 3,699",7% OFF,51Reviews
Sego Smart 9 Play,"Rs 15,399",18% OFF,4.8160Reviews
Qmobile Q Galaxy,"Rs 5,349",19% OFF,4.711Reviews
Nothing CMF Phone 2 Pro,"Rs 92,900",21% OFF,4.8111Reviews
SEGO S25 NEO,"Rs 17,999",9% OFF,51Reviews
Samsung Galaxy A16,"Rs 44,500",7% OFF,4.8223Reviews
Nokia 110 2022,"Rs 6,299",7% OFF,4.86Reviews
Sego Value 100,"Rs 1,999",7% OFF,4.927Reviews
VGO Tel New 26,"Rs 25,699",2% OFF,4.26Reviews
VGO TEL New 24,"Rs 19,499",23% OFF,4.82Reviews
itel A50C,"Rs 15,299",15% OFF,52Reviews
Xiaomi Redmi A3x,"Rs 18,599",20% OFF,55Reviews
Calme 4G Spark,"Rs 7,699",28% OFF,4.714Reviews
Dcode Bold 2,"Rs 20,299",4% OFF,4.723Reviews
Itel Muzik 400 pro,"Rs 3,749",14% OFF,51Reviews
Nokia 110 2023,"Rs 4,999",6% OFF,41Reviews
Qmobile Q150,"Rs 2,649",20% OFF,57Reviews
itel it2165 eco,"Rs 2,049",6% OFF,4.45Reviews
Sparx Neo 8 Pro,"Rs 22,499",4% OFF,4.712Reviews
Itel Neo X30+,"Rs 5,899",13% OFF,4.713Reviews
Nothing Phone  3A,"Rs 149,900",19% OFF,519Reviews
Itel S25 Ultra,"Rs 39,999",10% OFF,No Reviews
Itel A90,"Rs 17,799",12% OFF,No Reviews
Honor X7c,"Rs 42,999",8% OFF,No Reviews
Itel Power 700 2024,"Rs 3,899",7% OFF,No Reviews
Calme 4G Super,"Rs 4,999",No Discount,No Reviews
Vivo Y29,"Rs 44,799",No Discount,No Reviews
Itel Magic 4,"Rs 3,599",No Discount,No Reviews
Calme 4G Hot,"Rs 4,799",No Discount,No Reviews
Itel ace 2 power,"Rs 2,799",No Discount,No Reviews
ZTE Nubia Focus Pro 5G,"Rs 44,499",23% OFF,3.89Reviews
Realme C75x,"Rs 35,899",15% OFF,4.810Reviews
Faywa F3,"Rs 2,149",19% OFF,2.33Reviews
Sego Magic Power,"Rs 2,299",16% OFF,4.760Reviews
Calme Hero 4G,"Rs 6,699",34% OFF,4.9586Reviews
Xiaomi Redmi Note 13,"Rs 49,000",16% OFF,4.915Reviews
Nokia 125 (2024),"Rs 5,149",14% OFF,51Reviews
VGO TEL i710,"Rs 4,299",10% OFF,4.716Reviews
Xiaomi Redmi Note 14 Pro Plus,"Rs 129,999",6% OFF,4.940Reviews
Itel it2166,"Rs 2,549",13% OFF,51Reviews
Realme 14 5G,"Rs 87,300",5% OFF,4.959Reviews
VGO TEL New 15,"Rs 16,099",10% OFF,4.783Reviews
Sparx Neo X,"Rs 21,999",6% OFF,42Reviews
Sego S24,"Rs 25,399",4% OFF,55Reviews
Honor X6c,"Rs 28,749",13% OFF,4.36Reviews
QPhantom,"Rs 3,949",1% OFF,4.812Reviews
GFive 4g Pro Max,"Rs 6,999",38% OFF,4.955Reviews
Vgo Tel iMusic Plus,"Rs 3,599",20% OFF,4.85Reviews
Apple iPhone 14,"Rs 186,500",41% OFF,4.862Reviews
Sparx Edge 20 Pro,"Rs 41,999",9% OFF,4.757Reviews
GFive 16 Pro Max,"Rs 3,549",10% OFF,4.84Reviews
Xiaomi Redmi Note 14 Pro,"Rs 72,499",8% OFF,4.79Reviews
Vivo X200 FE,"Rs 197,999",28% OFF,52Reviews
VGO TEL Smart 12,"Rs 18,399",4% OFF,41Reviews
Dcode Bold 3,"Rs 28,799",23% OFF,4.851Reviews
Villaon V40s,"Rs 15,399",5% OFF,4.85Reviews
Dcode Cygnal 4 Pro,"Rs 22,399",11% OFF,519Reviews
Qmobile Q150s,"Rs 2,649",16% OFF,No Reviews
VGO TEL i16,"Rs 3,799",6% OFF,No Reviews
Nothing Phone (2a),"Rs 128,900",15% OFF,No Reviews
Calme 4G Edge,"Rs 7,999",9% OFF,No Reviews
FAYWA Prime 1,"Rs 2,349",8% OFF,No Reviews
MeMobile Magic Pro,"Rs 2,350",No Discount,No Reviews
Xiaomi Redmi Note 13 Pro Plus,"Rs 125,499",No Discount,No Reviews
Oppo A5i,"Rs 25,500",No Discount,No Reviews
Calme 4G Hot,"Rs 4,799",No Discount,No Reviews
Itel It5262,"Rs 3,499",12% OFF,57Reviews
Xiaomi Redmi Note 13 Pro Plus,"Rs 125,499",15% OFF,4.851Reviews
Sparx Edge 20 Pro,"Rs 41,999",20% OFF,4.955Reviews
Motorola Moto G85 5G,"Rs 64,299",20% OFF,4.842Reviews
Sparx Neo 9i,"Rs 21,499",17% OFF,4.85Reviews
Oppo A5i,"Rs 25,500",9% OFF,4.71Reviews
Vivo Y19s Pro,"Rs 39,699",10% OFF,4.872Reviews
Calme 4G turbo,"Rs 4,499",8% OFF,514Reviews
Realme Note 60,"Rs 21,999",12% OFF,59Reviews
sego super 4g,"Rs 5,799",3% OFF,52Reviews
E-Tachi iPro,"Rs 4,399",12% OFF,4.8377Reviews
Vivo Y03t,"Rs 24,499",9% OFF,54Reviews
Honor 90 Lite,"Rs 68,499",24% OFF,51Reviews
Samsung Galaxy A05,"Rs 29,500",18% OFF,4.611Reviews
ZTE Nubia Music,"Rs 19,599",22% OFF,52Reviews
Faywa F555,"Rs 3,149",20% OFF,4.812Reviews
Club Mobile Music 3000 plus,"Rs 2,249",25% OFF,52Reviews
GFive Music 200,"Rs 2,249",6% OFF,59Reviews
Gresso Turbo 2,"Rs 2,399",14% OFF,59Reviews
Sego Value 101s,"Rs 1,899",38% OFF,41Reviews
Apple iPhone 14,"Rs 186,500",12% OFF,4.417Reviews
Samsung Galaxy S25,"Rs 275,999",11% OFF,52Reviews
Apple iPhone 16 Pro Max,"Rs 430,999",16% OFF,51Reviews
Sparx Neo 11,"Rs 21,499",5% OFF,4.52Reviews
Faywa Pro 1 4g,"Rs 7,199",14% OFF,4.56Reviews
Samsung Galaxy S25 Ultra (12GB-1TB),"Rs 440,999",17% OFF,4.915Reviews
Sparx ultra 8 pro,"Rs 29,799",28% OFF,52Reviews
HONOR X9b,"Rs 93,599",17% OFF,4.84Reviews
Sego Value 200,"Rs 2,149",20% OFF,No Reviews
Gfive Music 100,"Rs 2,399",18% OFF,No Reviews
Oppo Reno 13 Pro,"Rs 179,999",12% OFF,No Reviews
Samsung Galaxy S25 Ultra (12GB-256GB),"Rs 354,999",6% OFF,No Reviews
VGO TEL i251,"Rs 3,199",14% OFF,No Reviews
Nokia 125 (2024),"Rs 5,149",14% OFF,No Reviews
Samsung Galaxy Z Fold 6,"Rs 517,300",4% OFF,No Reviews
Villaon V40s,"Rs 15,399",No Discount,No Reviews
Oppo Reno 13 Pro,"Rs 179,999",18% OFF,4.52Reviews
Samsung Galaxy S25 Ultra (12GB-256GB),"Rs 354,999",12% OFF,4.56Reviews
VGO TEL i251,"Rs 3,199",6% OFF,52Reviews
Samsung Galaxy Z Fold 6,"Rs 517,300",14% OFF,4.84Reviews
Villaon V40s,"Rs 15,399",4% OFF,41Reviews
Qmobile Q Nova,"Rs 2,999",2% OFF,518Reviews
Sego Smart 10,"Rs 16,599",22% OFF,4.847Reviews
VGO TEL S22,"Rs 4,399",8% OFF,4.8429Reviews
FAYWA F14 Pro (4 Sim),"Rs 3,199",3% OFF,4.8190Reviews
Sparx Edge 20,"Rs 37,999",14% OFF,51Reviews
Gfive 16 Pro,"Rs 17,899",26% OFF,53Reviews
Memobile Yorker,"Rs 2,500",13% OFF,4.26Reviews
Qmobile Qclub,"Rs 3,049",6% OFF,51Reviews
Calme 4G Prime,"Rs 8,999",13% OFF,4.911Reviews
ZTE Nubia Neo 2 5G,"Rs 40,499",8% OFF,4.919Reviews
Xiaomi Redmi A3,"Rs 20,999",41% OFF,42Reviews
Gresso A10,"Rs 3,300",6% OFF,51Reviews
Sego iPro,"Rs 11,499",17% OFF,4.841Reviews
Sparx Neo 7 Ultra,"Rs 23,799",15% OFF,4.616Reviews
Faywa F7,"Rs 2,199",17% OFF,4.967Reviews
VGO TEL i888,"Rs 4,699",30% OFF,51Reviews
GFive 16 Pro Max,"Rs 3,549",14% OFF,52Reviews
VGO TEL New 25,"Rs 24,799",17% OFF,51Reviews
Calme 4g Star,"Rs 6,649",18% OFF,41Reviews
Samsung Galaxy S24 FE,"Rs 186,999",13% OFF,No Reviews
Sego Smart 9 HD,"Rs 12,499",19% OFF,No Reviews
E-Tachi E8 Classic,"Rs 3,649",No Discount,No Reviews
Villaon V220,"Rs 2,999",No Discount,No Reviews
QMobile Qsmart Blaze,"Rs 15,499",No Discount,No Reviews
ZTE Blade V60 Smart,"Rs 22,299",No Discount,No Reviews
Realme Note 60x,"Rs 17,500",No Discount,No Reviews
Philips Fun 101,"Rs 3,799",No Discount,No Reviews
Faywa F6,"Rs 1,999",No Discount,No Reviews
FAYWA Prime 2,"Rs 2,135",No Discount,No Reviews
Faywa Smart Flip,"Rs 3,050",No Discount,No Reviews
Sego 200S,"Rs 2,399",No Discount,No Reviews
VGO TEL i10,"Rs 3,699",2% OFF,52Reviews
VGO TEL Smart HI-FI,"Rs 4,699",47% OFF,4.85Reviews
Tecno Phantom V Fold,"Rs 184,999",10% OFF,54Reviews
me Mobile Magic Power,"Rs 2,699",8% OFF,4.91020Reviews
Xiaomi Redmi 12,"Rs 34,999",10% OFF,46Reviews
Calme Four Sim,"Rs 3,499",24% OFF,4.920Reviews
Calme 4g Cloud,"Rs 4,749",8% OFF,4.926Reviews
Faywa Diamond,"Rs 3,049",31% OFF,4.76Reviews
XMobile Muisc 400 Mini,"Rs 2,599",25% OFF,4.84Reviews
Sego Power 200s,"Rs 2,299",10% OFF,4.73Reviews
Sparx Neo 7 Pro,"Rs 18,999",27% OFF,4.52Reviews
Sparx Neo 8,"Rs 21,999",11% OFF,4.85Reviews
Calme 4G Smart,"Rs 8,999",13% OFF,53Reviews
FAYWA SMART 1,"Rs 3,075",18% OFF,56Reviews
Vivo V50,"Rs 124,500",30% OFF,55Reviews
VGO TEL i252,"Rs 3,499",3% OFF,4.53Reviews
Itel It2176,"Rs 2,749",13% OFF,4.52Reviews
CALME 4G Power,"Rs 7,999",6% OFF,31Reviews
FAYWA J3 Slim,"Rs 2,814",14% OFF,4.52Reviews
Club Mobile Maula Jutt,"Rs 3,199",7% OFF,4.17Reviews
Xmobile G3 Plus,"Rs 3,299",23% OFF,51Reviews
Sparx Note X,"Rs 25,999",14% OFF,4.527Reviews
Sego S25,"Rs 28,299",10% OFF,4.73Reviews
XMobile Music King,"Rs 3,099",4% OFF,51Reviews
AllCall Shine 12T,"Rs 15,999",10% OFF,No Reviews
Gfive Baadshah,"Rs 3,099",11% OFF,No Reviews
Villaon V110,"Rs 2,099",10% OFF,No Reviews
Faywa F666,"Rs 3,049",3% OFF,No Reviews
Samsung Galaxy A36 5G,"Rs 103,700",No Discount,No Reviews
Faywa F110,"Rs 2,135",No Discount,No Reviews
Calme Ultra Lite S,"Rs 2,699",No Discount,No Reviews
Vivo Y19s,"Rs 33,199",No Discount,No Reviews
Tecno Pova 6,"Rs 58,100",No Discount,No Reviews
Hello Tech G3,"Rs 2,599",No Discount,No Reviews
GFive Big Falak,"Rs 2,849",No Discount,No Reviews
Sego Magic 6,"Rs 2,999",No Discount,No Reviews
Sego Magic 6,"Rs 2,999",3% OFF,4.84Reviews
Faywa F21,"Rs 2,099",30% OFF,31Reviews
Memobile I Smart Pro,"Rs 3,349",23% OFF,4.52Reviews
Faywa F666,"Rs 3,049",14% OFF,4.98Reviews
Samsung Galaxy A36 5G,"Rs 103,700",22% OFF,58Reviews
KXD Classic core A07,"Rs 18,799",22% OFF,4.83Reviews
XMobile Mega Gabbar,"Rs 3,199",19% OFF,4.912Reviews
AllCall Shine 12 Pro,"Rs 16,999",19% OFF,4.73Reviews
Faywa Smart Max,"Rs 3,239",12% OFF,3.33Reviews
VGO TEL Beauty Max,"Rs 3,199",24% OFF,52Reviews
Faywa Smart 4G,"Rs 7,199",3% OFF,512Reviews
FAYWA F111,"Rs 2,439",22% OFF,4.819Reviews
Memobile ismart,"Rs 3,199",22% OFF,4.911Reviews
Sparx Neo 8 lite,"Rs 15,699",13% OFF,4.935Reviews
Faywa Smart 2,"Rs 3,075",24% OFF,4.9710Reviews
Sparx Neo 9,"Rs 19,999",2% OFF,52Reviews
Spice iPro Max,"Rs 2,849",29% OFF,4.915Reviews
Spice ipro Ultra,"Rs 3,499",13% OFF,31Reviews
Faywa F222,"Rs 2,499",10% OFF,4.64Reviews
Tecno Camon 40,"Rs 56,999",5% OFF,4.627Reviews
Club Mobile Winner,"Rs 3,299",7% OFF,4.68Reviews
QMobile QMagic,"Rs 5,349",3% OFF,No Reviews
Qmobile QGuru Plus,"Rs 2,099",11% OFF,No Reviews
Qmobile QGuru,"Rs 1,999",13% OFF,No Reviews
Nokia C31,"Rs 23,999",2% OFF,No Reviews
me Mobile L109,"Rs 2,350",21% OFF,No Reviews
Xiaomi Redmi Note 12,"Rs 42,500",No Discount,No Reviews
Xmobile X6,"Rs 3,099",No Discount,No Reviews
VGO TEL i12,"Rs 4,749",No Discount,No Reviews
ZTE Blade A35,"Rs 17,999",No Discount,No Reviews
Motorola Edge 50 Ultra,"Rs 231,999",No Discount,No Reviews
XMobile Dhoom Plus,"Rs 2,899",No Discount,No Reviews
Xmobile x4 pro,"Rs 3,099",No Discount,No Reviews
Itel Muzik 450,"Rs 3,499",No Discount,No Reviews
Nokia 130 (2024),"Rs 5,899",No Discount,No Reviews
Villaon Pock 1,"Rs 2,399",No Discount,No Reviews
Calme 4G LITE,"Rs 5,799",19% OFF,53Reviews
Hello Tech E7,"Rs 2,499",2% OFF,52Reviews
Hello Tech E5,"Rs 2,299",10% OFF,4.7154Reviews
QMobile QStar,"Rs 3,399",6% OFF,4.9107Reviews
Tecno Spark 40 Pro Plus,"Rs 56,499",35% OFF,4.52Reviews
Apple iPhone 11,"Rs 135,500",27% OFF,4.84Reviews
Oppo A54,"Rs 43,500",8% OFF,53Reviews
GRESSO Jugnu,"Rs 2,799",6% OFF,4.9110Reviews
Faywa NEX1 4G,"Rs 7,199",9% OFF,4.93Reviews
Qmobile E 2000 Music,"Rs 3,399",5% OFF,4.939Reviews
Tecno Spark Go 2024,"Rs 18,850",31% OFF,4.926Reviews
Memobile I touch,"Rs 3,549",13% OFF,41Reviews
Calme Music 500,"Rs 3,099",45% OFF,52Reviews
Calme Music 300,"Rs 2,999",23% OFF,52Reviews
Vivo Y73,"Rs 62,500",8% OFF,517Reviews
Itel A05s,"Rs 18,299",4% OFF,4.854Reviews
Vivo Y22,"Rs 31,999",3% OFF,51Reviews
Dcode Cygnal 4,"Rs 20,099",7% OFF,59Reviews
Hello Tech M4,"Rs 3,249",13% OFF,53Reviews
Club Mobile Power 999,"Rs 3,199",7% OFF,4.72Reviews
Tecno Spark 40 pro,"Rs 45,299",5% OFF,51Reviews
Infinix Hot 60i,"Rs 31,599",12% OFF,No Reviews
Xmobile Dabang Pro,"Rs 2,899",10% OFF,No Reviews
Sparx Neo 8 Plus,"Rs 21,299",38% OFF,No Reviews
Sparx Neo 6 Plus,"Rs 16,999",5% OFF,No Reviews
GRESSO E1280,"Rs 2,799",19% OFF,No Reviews
Infinix Hot 50i,"Rs 29,299",No Discount,No Reviews
KXD Classic Core A09,"Rs 19,899",No Discount,No Reviews
Memobile iPower pro,"Rs 2,749",No Discount,No Reviews
Apple iPhone 16 Pro,"Rs 364,999",No Discount,No Reviews
Hello Tech E500,"Rs 2,599",No Discount,No Reviews
Faywa Smart 3,"Rs 3,099",No Discount,No Reviews
Hello Tech J10,"Rs 3,499",No Discount,No Reviews
Sego Note 60,"Rs 19,999",No Discount,No Reviews
AllCall Magic 15 Pro,"Rs 19,399",No Discount,No Reviews
REMAXX Thunder Pro,"Rs 2,649",No Discount,No Reviews
